{
  "model_name": "Random Forest",
  "accuracy": 1.0,
  "cv_mean": 1.0,
  "cv_std": 0.0,
  "n_features": 31,
  "training_samples": 1600,
  "test_samples": 400,
  "training_date": "2026-03-06T10:16:46.079898",
  "confusion_matrix": [
    [
      80,
      0,
      0,
      0,
      0
    ],
    [
      0,
      80,
      0,
      0,
      0
    ],
    [
      0,
      0,
      80,
      0,
      0
    ],
    [
      0,
      0,
      0,
      80,
      0
    ],
    [
      0,
      0,
      0,
      0,
      80
    ]
  ],
  "classification_report": {
    "Train Movement": {
      "precision": 1.0,
      "recall": 1.0,
      "f1-score": 1.0,
      "support": 80.0
    },
    "Animal Intrusion": {
      "precision": 1.0,
      "recall": 1.0,
      "f1-score": 1.0,
      "support": 80.0
    },
    "Rockfall / Landslide": {
      "precision": 1.0,
      "recall": 1.0,
      "f1-score": 1.0,
      "support": 80.0
    },
    "Track Fracture": {
      "precision": 1.0,
      "recall": 1.0,
      "f1-score": 1.0,
      "support": 80.0
    },
    "Normal / Ambient": {
      "precision": 1.0,
      "recall": 1.0,
      "f1-score": 1.0,
      "support": 80.0
    },
    "accuracy": 1.0,
    "macro avg": {
      "precision": 1.0,
      "recall": 1.0,
      "f1-score": 1.0,
      "support": 400.0
    },
    "weighted avg": {
      "precision": 1.0,
      "recall": 1.0,
      "f1-score": 1.0,
      "support": 400.0
    }
  },
  "feature_importance": [
    0.11184012615364934,
    0.07962076671520832,
    0.030948796182173267,
    0.015394559934424124,
    0.03495749199493507,
    0.020038793567154597,
    0.01360535870300309,
    0.016711708337691096,
    0.014892163039189268,
    0.025426509038917553,
    0.03048950818009512,
    0.015734442660226916,
    0.02744838123212062,
    0.1287475043784143,
    0.06138708225783923,
    0.050604311449051635,
    0.0798562657093597,
    0.026177612940297922,
    0.015390016854047232,
    0.00785139967868797,
    0.002980245322078208,
    0.0016767734200881465,
    0.0008042784884418566,
    0.003415202548171206,
    0.001435573660381729,
    0.0012799413143840387,
    0.029940842224601187,
    0.044583153778626386,
    0.014523773955083311,
    0.025758949967884318,
    0.06647846631377331
  ],
  "roc_data": {
    "0": {
      "fpr": [
        0.0,
        0.0,
        1.0
      ],
      "tpr": [
        0.0,
        1.0,
        1.0
      ],
      "auc": 1.0
    },
    "1": {
      "fpr": [
        0.0,
        0.0,
        0.0,
        0.0,
        0.009375,
        0.034375,
        1.0
      ],
      "tpr": [
        0.0,
        0.9125,
        0.9625,
        1.0,
        1.0,
        1.0,
        1.0
      ],
      "auc": 1.0
    },
    "2": {
      "fpr": [
        0.0,
        0.0,
        0.0,
        0.0,
        0.0,
        0.0,
        0.0,
        0.0,
        0.00625,
        0.009375,
        0.015625,
        0.025,
        0.0375,
        0.06875,
        0.140625,
        1.0
      ],
      "tpr": [
        0.0,
        0.5375,
        0.8125,
        0.85,
        0.9,
        0.925,
        0.975,
        1.0,
        1.0,
        1.0,
        1.0,
        1.0,
        1.0,
        1.0,
        1.0,
        1.0
      ],
      "auc": 1.0
    },
    "3": {
      "fpr": [
        0.0,
        0.0,
        0.0,
        0.0,
        0.0,
        0.0,
        0.0,
        0.009375,
        0.015625,
        0.025,
        0.046875,
        0.125,
        1.0
      ],
      "tpr": [
        0.0,
        0.525,
        0.75,
        0.875,
        0.925,
        0.975,
        1.0,
        1.0,
        1.0,
        1.0,
        1.0,
        1.0,
        1.0
      ],
      "auc": 1.0
    },
    "4": {
      "fpr": [
        0.0,
        0.0,
        0.0,
        0.0,
        0.0,
        0.0,
        0.0,
        0.00625,
        0.021875,
        0.059375,
        0.159375,
        1.0
      ],
      "tpr": [
        0.0,
        0.6,
        0.7875,
        0.8625,
        0.9,
        0.9625,
        1.0,
        1.0,
        1.0,
        1.0,
        1.0,
        1.0
      ],
      "auc": 1.0
    }
  },
  "rf_cv": {
    "mean": 1.0,
    "std": 0.0
  },
  "svm_cv": {
    "mean": 1.0,
    "std": 0.0
  },
  "anomaly_detector": {
    "model": "Isolation Forest",
    "trained_on": 640,
    "threshold": -0.523618536913813
  },
  "crnn": {
    "status": "not_trained"
  },
  "pipeline_version": "2.0"
}