{
  "model_name": "Random Forest",
  "accuracy": 1.0,
  "cv_mean": 1.0,
  "cv_std": 0.0,
  "n_features": 31,
  "training_samples": 1600,
  "test_samples": 400,
  "training_date": "2026-03-07T09:06:45.908179",
  "confusion_matrix": [
    [
      80,
      0,
      0,
      0,
      0
    ],
    [
      0,
      80,
      0,
      0,
      0
    ],
    [
      0,
      0,
      80,
      0,
      0
    ],
    [
      0,
      0,
      0,
      80,
      0
    ],
    [
      0,
      0,
      0,
      0,
      80
    ]
  ],
  "classification_report": {
    "Train Movement": {
      "precision": 1.0,
      "recall": 1.0,
      "f1-score": 1.0,
      "support": 80.0
    },
    "Animal Intrusion": {
      "precision": 1.0,
      "recall": 1.0,
      "f1-score": 1.0,
      "support": 80.0
    },
    "Rockfall / Landslide": {
      "precision": 1.0,
      "recall": 1.0,
      "f1-score": 1.0,
      "support": 80.0
    },
    "Track Fracture": {
      "precision": 1.0,
      "recall": 1.0,
      "f1-score": 1.0,
      "support": 80.0
    },
    "Normal / Ambient": {
      "precision": 1.0,
      "recall": 1.0,
      "f1-score": 1.0,
      "support": 80.0
    },
    "accuracy": 1.0,
    "macro avg": {
      "precision": 1.0,
      "recall": 1.0,
      "f1-score": 1.0,
      "support": 400.0
    },
    "weighted avg": {
      "precision": 1.0,
      "recall": 1.0,
      "f1-score": 1.0,
      "support": 400.0
    }
  },
  "feature_importance": [
    0.09118612401492988,
    0.10429856935043462,
    0.03481893026235473,
    0.019970752943135037,
    0.03927854000256246,
    0.03635340405228804,
    0.02434259691473291,
    0.024230815484641687,
    0.016795543056107358,
    0.02967775713925673,
    0.029934915625553823,
    0.026903209201474217,
    0.03774658797375724,
    0.03281551852199731,
    0.0736366695163136,
    0.044500190328048396,
    0.06833328946892293,
    0.025907067235528842,
    0.01793934404829267,
    0.01379444852649824,
    0.005146717319321752,
    0.003561289685153785,
    0.0010072703533733473,
    0.0014491681611452638,
    0.0037099781261675773,
    0.001817132701663441,
    0.030011509410511752,
    0.009699164908117116,
    0.002408503793745124,
    0.037781982106682946,
    0.11094300976728727
  ],
  "roc_data": {
    "0": {
      "fpr": [
        0.0,
        0.0,
        0.003125,
        1.0
      ],
      "tpr": [
        0.0,
        1.0,
        1.0,
        1.0
      ],
      "auc": 1.0
    },
    "1": {
      "fpr": [
        0.0,
        0.0,
        0.0,
        0.0,
        0.0,
        0.0,
        0.00625,
        0.0125,
        0.040625,
        1.0
      ],
      "tpr": [
        0.0,
        0.825,
        0.9125,
        0.9375,
        0.975,
        1.0,
        1.0,
        1.0,
        1.0,
        1.0
      ],
      "auc": 1.0
    },
    "2": {
      "fpr": [
        0.0,
        0.0,
        0.0,
        0.0,
        0.0,
        0.0,
        0.0,
        0.0,
        0.0,
        0.0,
        0.0,
        0.021875,
        0.040625,
        0.06875,
        0.121875,
        0.23125,
        1.0
      ],
      "tpr": [
        0.0,
        0.325,
        0.55,
        0.725,
        0.8,
        0.8125,
        0.85,
        0.925,
        0.9625,
        0.9875,
        1.0,
        1.0,
        1.0,
        1.0,
        1.0,
        1.0,
        1.0
      ],
      "auc": 1.0
    },
    "3": {
      "fpr": [
        0.0,
        0.0,
        0.0,
        0.0,
        0.0,
        0.0,
        0.0,
        0.003125,
        0.009375,
        0.015625,
        0.021875,
        0.025,
        0.03125,
        0.034375,
        0.05,
        0.08125,
        0.159375,
        1.0
      ],
      "tpr": [
        0.0,
        0.55,
        0.7625,
        0.8125,
        0.9125,
        0.9375,
        1.0,
        1.0,
        1.0,
        1.0,
        1.0,
        1.0,
        1.0,
        1.0,
        1.0,
        1.0,
        1.0,
        1.0
      ],
      "auc": 1.0
    },
    "4": {
      "fpr": [
        0.0,
        0.0,
        0.0,
        0.0,
        0.0,
        0.0,
        0.009375,
        0.021875,
        0.03125,
        0.053125,
        0.140625,
        1.0
      ],
      "tpr": [
        0.0,
        0.5375,
        0.725,
        0.925,
        0.95,
        1.0,
        1.0,
        1.0,
        1.0,
        1.0,
        1.0,
        1.0
      ],
      "auc": 1.0
    }
  },
  "rf_cv": {
    "mean": 1.0,
    "std": 0.0
  },
  "svm_cv": {
    "mean": 1.0,
    "std": 0.0
  },
  "anomaly_detector": {
    "model": "Isolation Forest",
    "trained_on": 640,
    "threshold": -0.5597348149177849
  },
  "crnn": {
    "status": "not_trained"
  },
  "pipeline_version": "2.0"
}